,ANESTESISTA,PROCEDIMENTO,DURACAO_ANESTESIA
0,Alex Allen,RETIRADA DE MATERIAL DE SÍNTESE ÓSSEA / DENTÁRIA,35.0
1,Amy Dunn,CURATIVO GRAU I COM OU SEM DEBRIDAMENTO,30.0
2,Amy Dunn,TENOMIORRAFIA,59.0
3,Amy Dunn,TRATAMENTO CIRÚRGICO DE FRATURA BIMALEOLAR / TRIMALEOLAR / DA FRATURA-LUXAÇÃO DO TORNOZELO,25.0
4,Amy Dunn,TRATAMENTO CIRÚRGICO DE FRATURA DA DIÁFISE DO FÊMUR,5.0
5,Amy Dunn,TRATAMENTO CIRÚRGICO DE FRATURA DA EXTREMIDADE / METÁFISE DISTAL DOS OSSOS DO ANTEBRAÇO,19.55
6,Amy Dunn,TRATAMENTO CIRÚRGICO DE FRATURA DIAFISARIA ÚNICA DO RÁDIO / DA ULNA,19.86111111111111
7,Amy Dunn,TRATAMENTO CIRÚRGICO DE FRATURA DO PLANALTO TIBIAL,30.0
8,Amy Dunn,TRATAMENTO CIRÚRGICO DE LUXAÇÃO / FRATURA-LUXAÇÃO METACARPO-FALANGIANA,35.46666666666667
9,Amy Powell,TRATAMENTO CIRÚRGICO DE FRATURA DA EXTREMIDADE / METÁFISE DISTAL DOS OSSOS DO ANTEBRAÇO,15.0
10,Amy Taylor,TRATAMENTO CIRÚRGICO DE DEDO EM MARTELO / EM GARRA (MÃO E PÉ),29.5
11,Ana Brown,AMPUTACAO / DESARTICULACAO DE PE E TARSO,19.316666666666663
12,Ana Brown,DEBRIDAMENTO DE ULCERA / DE TECIDOS DESVITALIZADOS,34.2
13,Ana Brown,REDUCAO INCRUENTA DE FRATURA DIAFISARIA / LESAO FISARIA DISTAL DA TIBIA C/ OU S/ FRATURA DA FIBULA,45.0
14,Ana Brown,REDUÇÃO INCRUENTA DE LUXAÇÃO COXOFEMORAL TRAUMÁTICA / PÓS-ARTROPLASTIA,20.0
15,Ana Brown,TENOMIORRAFIA,27.991666666666667
16,Ana Brown,TENORRAFIA ÚNICA EM TÚNEL OSTEO-FIBROSO,40.333333333333336
17,Ana Brown,TRATAMENTO CIRURGICO DE FRATURA / LESAO FISARIA DOS METATARSIANOS,15.0
18,Ana Brown,TRATAMENTO CIRURGICO DE FRATURA / LESAO FISARIA PROXIMAL (COLO) DO FEMUR (SINTESE),15.0
19,Ana Brown,TRATAMENTO CIRURGICO DE RETARDO DE CONSOLIDACAO DA PSEUDARTROSE DE CLAVICULA / ESCAPULA,30.0
20,Ana Brown,TRATAMENTO CIRÚRGICO DE DEDO EM MARTELO / EM GARRA (MÃO E PÉ),38.0
21,Ana Brown,TRATAMENTO CIRÚRGICO DE FRATURA / LESÃO FISARIA DAS FALANGES DA MÃO (COM FIXAÇÃO),38.37777777777777
22,Ana Brown,TRATAMENTO CIRÚRGICO DE FRATURA BIMALEOLAR / TRIMALEOLAR / DA FRATURA-LUXAÇÃO DO TORNOZELO,31.25
23,Ana Brown,TRATAMENTO CIRÚRGICO DE FRATURA DA DIÁFISE DA TÍBIA,35.333333333333336
24,Ana Brown,TRATAMENTO CIRÚRGICO DE FRATURA DA DIÁFISE DO FÊMUR,50.0
25,Ana Brown,TRATAMENTO CIRÚRGICO DE FRATURA DA EXTREMIDADE / METÁFISE DISTAL DOS OSSOS DO ANTEBRAÇO,33.596666666666664
26,Ana Brown,TRATAMENTO CIRÚRGICO DE FRATURA DO PLANALTO TIBIAL,20.0
27,Ana Brown,TRATAMENTO CIRÚRGICO DE FRATURA DO TORNOZELO UNIMALEOLAR,30.0
28,Ana Brown,TRATAMENTO CIRÚRGICO DE FRATURA LESÃO FISÁRIA DISTAL DE TÍBIA,20.0
29,Ana Brown,TRATAMENTO CIRÚRGICO DE FRATURA TRANSTROCANTERIANA,25.0
30,Ana Brown,TRATAMENTO CIRÚRGICO DE HALUX VALGUS C/ OSTEOTOMIA DO PRIMEIRO OSSO METATARSIANO,25.0
31,Ana Brown,TRATAMENTO CIRÚRGICO DE LESÃO AGUDA CAPSULO-LIGAMENTAR DO MEMBRO SUPERIOR: COTOVELO / PUNHO,47.0
32,Andrew Rose,TRATAMENTO CIRÚRGICO DE FRATURA BIMALEOLAR / TRIMALEOLAR / DA FRATURA-LUXAÇÃO DO TORNOZELO,55.0
33,Andrew Rose,TRATAMENTO CIRÚRGICO DE FRATURA LESÃO FISARIA DOS OSSOS DO ANTEBRAÇO,30.0
34,Cassandra Brown,DRENAGEM DE ABSCESSO,43.18333333333333
35,Cassandra Brown,TRATAMENTO CIRÚRGICO DE FRATURA DO CALCÂNEO,30.216666666666665
36,Edward Silva,TRATAMENTO CIRÚRGICO DE FRATURA DA EXTREMIDADE / METÁFISE DISTAL DOS OSSOS DO ANTEBRAÇO,20.0
37,Eric Mitchell,TRATAMENTO CIRÚRGICO DE FRATURA BIMALEOLAR / TRIMALEOLAR / DA FRATURA-LUXAÇÃO DO TORNOZELO,35.0
38,Eric Mitchell,TRATAMENTO CIRÚRGICO DE FRATURA DO PILÃO TIBIAL,5.0
39,Jerry Henry,TRATAMENTO CIRÚRGICO DE FRATURA / LESÃO FISARIA DOS METACARPIANOS,60.0
40,Jerry Henry,TRATAMENTO CIRÚRGICO DE FRATURA BIMALEOLAR / TRIMALEOLAR / DA FRATURA-LUXAÇÃO DO TORNOZELO,42.0
41,Jerry Henry,TRATAMENTO CIRÚRGICO DE FRATURA DO TORNOZELO UNIMALEOLAR,28.433333333333334
42,Jordan Gaines,CURATIVO GRAU I COM OU SEM DEBRIDAMENTO,46.0
43,Jordan Gaines,DEBRIDAMENTO DE ULCERA / DE TECIDOS DESVITALIZADOS,35.05
44,Jordan Gaines,RESSECÇÃO DE CISTO SINOVIAL,239.2333333333333
45,Jordan Gaines,RETIRADA DE CORPO ESTRANHO INTRA-ÓSSEO,20.0
46,Jordan Gaines,RETIRADA DE FIO OU PINO INTRA-ÓSSEO,31.5
47,Jordan Gaines,RETIRADA DE PLACA E/OU PARAFUSOS,16.55
48,Jordan Gaines,TENOMIORRAFIA,32.25833333333333
49,Jordan Gaines,TENOPLASTIA OU ENXERTO DE TENDÃO UNICO,40.0
50,Jordan Gaines,TRATAMENTO CIRURGICO DE LUXACAO / FRATURA-LUXACAO ACROMIO-CLAVICULAR,15.0
51,Jordan Gaines,TRATAMENTO CIRURGICO DE LUXACAO ESPONTANEA / PROGRESSIVA / PARALITICA DO QUADRIL,35.35
52,Jordan Gaines,TRATAMENTO CIRÚGICO DE FRATURA DA DIÁFISE DO ÚMERO,14.0
53,Jordan Gaines,TRATAMENTO CIRÚRGICO DA AVULSÃO DE TUBEROSIDADES / ESPINHAS E CRISTA ILÍACA S/ LESÃO DO ANEL PÉLVICO,34.63333333333333
54,Jordan Gaines,TRATAMENTO CIRÚRGICO DE DEDO EM MARTELO / EM GARRA (MÃO E PÉ),33.36111111111111
55,Jordan Gaines,TRATAMENTO CIRÚRGICO DE FRATURA / LESÃO FISARIA DAS FALANGES DA MÃO (COM FIXAÇÃO),20.0
56,Jordan Gaines,TRATAMENTO CIRÚRGICO DE FRATURA / LESÃO FISARIA DOS METACARPIANOS,40.0
57,Jordan Gaines,TRATAMENTO CIRÚRGICO DE FRATURA / LESÃO FISARIA SUPRACONDILIANA DO ÚMERO,25.0
58,Jordan Gaines,TRATAMENTO CIRÚRGICO DE FRATURA BIMALEOLAR / TRIMALEOLAR / DA FRATURA-LUXAÇÃO DO TORNOZELO,22.261904761904763
59,Jordan Gaines,TRATAMENTO CIRÚRGICO DE FRATURA DA CLAVÍCULA,25.0
60,Jordan Gaines,TRATAMENTO CIRÚRGICO DE FRATURA DA DIÁFISE DA TÍBIA,26.83571428571429
61,Jordan Gaines,TRATAMENTO CIRÚRGICO DE FRATURA DA DIÁFISE DO FÊMUR,43.0
62,Jordan Gaines,TRATAMENTO CIRÚRGICO DE FRATURA DA EXTREMIDADE / METÁFISE DISTAL DOS OSSOS DO ANTEBRAÇO,24.98611111111111
63,Jordan Gaines,TRATAMENTO CIRÚRGICO DE FRATURA DA PATELA POR FIXAÇÃO INTERNA,25.0
64,Jordan Gaines,TRATAMENTO CIRÚRGICO DE FRATURA DIAFISARIA DE AMBOS OS OSSOS DO ANTEBRAÇO (C/ SINTESE),25.0
65,Jordan Gaines,TRATAMENTO CIRÚRGICO DE FRATURA DIAFISARIA ÚNICA DO RÁDIO / DA ULNA,38.0
66,Jordan Gaines,TRATAMENTO CIRÚRGICO DE FRATURA DO PILÃO TIBIAL,25.0
67,Jordan Gaines,TRATAMENTO CIRÚRGICO DE FRATURA DO TORNOZELO UNIMALEOLAR,30.177777777777777
68,Jordan Gaines,TRATAMENTO CIRÚRGICO DE FRATURA LESÃO FISÁRIA DISTAL DE TÍBIA,3.0
69,Jordan Gaines,TRATAMENTO CIRÚRGICO DE FRATURA-LUXAÇÃO DA ARTICULAÇÃO COXOFEMORAL (DUPLO ACESSO),17.0
70,Jordan Gaines,TRATAMENTO CIRÚRGICO DE HALUX VALGUS C/ OSTEOTOMIA DO PRIMEIRO OSSO METATARSIANO,29.75
71,Jordan Gaines,TRATAMENTO CIRÚRGICO DE LESÃO AGUDA CAPSULO-LIGAMENTAR DO MEMBRO SUPERIOR: COTOVELO / PUNHO,29.63888888888889
72,Jordan Gaines,TRATAMENTO CIRÚRGICO DE LUXAÇÃO / FRATURA-LUXAÇÃO CARPO-METACARPIANA,25.0
73,Jordan Gaines,TRATAMENTO CIRÚRGICO DE LUXAÇÃO / FRATURA-LUXAÇÃO METACARPO-FALANGIANA,22.0
74,Kristine Greene,AMPUTACAO / DESARTICULACAO DE MEMBROS INFERIORES,45.0
75,Kristine Greene,ARTRODESE DE MEDIAS / GRANDES ARTICULACOES DE MEMBRO INFERIOR,25.0
76,Kristine Greene,RETIRADA DE PLACA E/OU PARAFUSOS,60.0
77,Kristine Greene,TRATAMENTO CIRÚRGICO DE FRATURA DIAFISARIA DE AMBOS OS OSSOS DO ANTEBRAÇO (C/ SINTESE),45.0
78,Kristine Greene,TRATAMENTO CIRÚRGICO DE FRATURA DIAFISARIA ÚNICA DO RÁDIO / DA ULNA,35.0
79,Kristine Greene,TRATAMENTO CIRÚRGICO DE FRATURA DO CALCÂNEO,25.0
80,Kristine Greene,TRATAMENTO CIRÚRGICO DE FRATURA DO PILÃO TIBIAL,25.0
81,Kristine Greene,TRATAMENTO CIRÚRGICO DE FRATURA DO TALUS,25.0
82,Kristine Greene,TRATAMENTO CIRÚRGICO DE LUXAÇÃO / FRATURA-LUXAÇÃO TARSO-METATARSICA,28.866666666666667
83,Kristine Greene,TRATAMENTO CIRÚRGICO DE LUXAÇÃO OU FRATURA-LUXAÇÃO DO COTOVELO,25.0
84,Krystal Contreras,TRATAMENTO CIRÚRGICO DE FRATURA DA DIÁFISE DA TÍBIA,25.0
85,Mark Little,AMPUTAÇÃO / DESARTICULAÇÃO DE DEDO,39.0
86,Mark Little,ARTRODESE DE PEQUENAS ARTICULAÇÕES,35.0
87,Mark Little,DEBRIDAMENTO DE ULCERA / NECROSE,30.0
88,Mark Little,TENOMIORRAFIA,42.0
89,Mark Little,TRATAMENTO CIRÚRGICO DE FRATURA / LESÃO FISARIA DAS FALANGES DA MÃO (COM FIXAÇÃO),7.0
90,Mark Little,TRATAMENTO CIRÚRGICO DE FRATURA DA EXTREMIDADE / METÁFISE DISTAL DOS OSSOS DO ANTEBRAÇO,30.0
91,Mark Little,TRATAMENTO CIRÚRGICO DE FRATURA DIAFISARIA DE AMBOS OS OSSOS DO ANTEBRAÇO (C/ SINTESE),55.0
92,Mark Little,TRATAMENTO CIRÚRGICO DE FRATURA DO PILÃO TIBIAL,35.0
93,Mark Little,TRATAMENTO CIRÚRGICO DE FRATURA DO PLANALTO TIBIAL,4.0
94,Mark Little,TRATAMENTO CIRÚRGICO DE FRATURA TRANSTROCANTERIANA,0.0833333333333333
95,Mark Little,TRATAMENTO CIRÚRGICO DE LESÃO AGUDA CAPSULO-LIGAMENTAR DO MEMBRO SUPERIOR: COTOVELO / PUNHO,30.0
96,Megan Gonzalez,DEBRIDAMENTO DE ULCERA / DE TECIDOS DESVITALIZADOS,36.0
97,Megan Gonzalez,REDUÇÃO INCRUENTA DE FRATURA / LESÃO FISARIA NO PUNHO,38.66666666666666
98,Megan Gonzalez,TENOPLASTIA OU ENXERTO DE TENDÃO UNICO,45.0
99,Megan Gonzalez,TRATAMENTO CIRÚRGICO DE FRATURA / LESÃO FISARIA DAS FALANGES DA MÃO (COM FIXAÇÃO),32.06666666666666
100,Megan Gonzalez,TRATAMENTO CIRÚRGICO DE FRATURA / LUXAÇÃO / FRATURA-LUXAÇÃO / DISJUNÇÃO DO ANEL PÉLVICO ANTERO-POSTERIOR,32.5
101,Megan Gonzalez,TRATAMENTO CIRÚRGICO DE FRATURA DA DIÁFISE DA TÍBIA,40.0
102,Megan Gonzalez,TRATAMENTO CIRÚRGICO DE FRATURA DA PATELA POR FIXAÇÃO INTERNA,27.0
103,Megan Gonzalez,TRATAMENTO CIRÚRGICO DE LUXAÇÃO OU FRATURA-LUXAÇÃO DO COTOVELO,45.083333333333336
104,Melinda Hill,AMPUTAÇÃO / DESARTICULAÇÃO DE DEDO,35.0
105,Melinda Hill,DEBRIDAMENTO DE ULCERA / DE TECIDOS DESVITALIZADOS,45.0
106,Melinda Hill,DRENAGEM DE ABSCESSO,15.0
107,Melinda Hill,REDUÇÃO INCRUENTA DE FRATURA / LESÃO FISARIA DE COTOVELO,15.0
108,Melinda Hill,REDUÇÃO INCRUENTA DE LUXAÇÃO COXOFEMORAL TRAUMÁTICA / PÓS-ARTROPLASTIA,15.0
109,Melinda Hill,RETIRADA DE FIO OU PINO INTRA-ÓSSEO,20.0
110,Melinda Hill,RETIRADA DE PLACA E/OU PARAFUSOS,35.0
111,Melinda Hill,TENOMIORRAFIA,20.0
112,Melinda Hill,TRATAMENTO CIRURGICO DE FRATURA / LESAO FISARIA PROXIMAL (COLO) DO FEMUR (SINTESE),40.0
113,Melinda Hill,TRATAMENTO CIRÚRGICO DE ARTRITE INFECCIOSA (GRANDES E MÉDIAS ARTICULAÇÕES),30.0
114,Melinda Hill,TRATAMENTO CIRÚRGICO DE DEDO EM MARTELO / EM GARRA (MÃO E PÉ),40.0
115,Melinda Hill,TRATAMENTO CIRÚRGICO DE FRATURA / LESÃO FISARIA DAS FALANGES DA MÃO (COM FIXAÇÃO),32.5
116,Melinda Hill,TRATAMENTO CIRÚRGICO DE FRATURA / LESÃO FISARIA DOS METACARPIANOS,35.0
117,Melinda Hill,TRATAMENTO CIRÚRGICO DE FRATURA / LESÃO FISARIA SUPRACONDILIANA DO ÚMERO,11.733333333333333
118,Melinda Hill,TRATAMENTO CIRÚRGICO DE FRATURA BIMALEOLAR / TRIMALEOLAR / DA FRATURA-LUXAÇÃO DO TORNOZELO,21.4
119,Melinda Hill,TRATAMENTO CIRÚRGICO DE FRATURA DA CLAVÍCULA,20.0
120,Melinda Hill,TRATAMENTO CIRÚRGICO DE FRATURA DA DIÁFISE DA TÍBIA,35.0
121,Melinda Hill,TRATAMENTO CIRÚRGICO DE FRATURA DA EXTREMIDADE / METÁFISE DISTAL DOS OSSOS DO ANTEBRAÇO,30.0
122,Melinda Hill,TRATAMENTO CIRÚRGICO DE FRATURA DIAFISARIA ÚNICA DO RÁDIO / DA ULNA,32.5
123,Melinda Hill,TRATAMENTO CIRÚRGICO DE FRATURA DO CALCÂNEO,1415.0
124,Melinda Hill,TRATAMENTO CIRÚRGICO DE FRATURA DO PLANALTO TIBIAL,10.0
125,Melinda Hill,TRATAMENTO CIRÚRGICO DE FRATURA LESÃO FISARIA DOS OSSOS DO ANTEBRAÇO,26.083333333333332
126,Melinda Hill,TRATAMENTO CIRÚRGICO DE FRATURA LESÃO FISÁRIA DISTAL DE TÍBIA,25.0
127,Melinda Hill,TRATAMENTO CIRÚRGICO DE FRATURA SUPRACONDILEANA DO FÊMUR (METÁFISE DISTAL),28.0
128,Melinda Riley,DEBRIDAMENTO DE ULCERA / DE TECIDOS DESVITALIZADOS,80.0
129,Mrs. Catherine Cameron DVM,TRATAMENTO CIRÚRGICO DE FRATURA DA DIÁFISE DA TÍBIA,25.0
130,Mrs. Catherine Cameron DVM,TRATAMENTO CIRÚRGICO DE LESÃO AGUDA CAPSULO-LIGAMENTAR DO MEMBRO SUPERIOR: COTOVELO / PUNHO,20.0
131,Robin Shaw,TRATAMENTO CIRÚRGICO DE FRATURA LESÃO FISARIA DOS OSSOS DO ANTEBRAÇO,26.0
132,Robin Shaw,TRATAMENTO CIRÚRGICO DE LUXAÇÃO OU FRATURA-LUXAÇÃO DO COTOVELO,25.0
133,Ronald Moon,DEBRIDAMENTO DE ULCERA / DE TECIDOS DESVITALIZADOS,37.5
134,Ronald Moon,REDUÇÃO INCRUENTA DE LUXAÇÃO OU FRATURA / LUXACAO NO PUNHO,24.65
135,Ronald Moon,TRATAMENTO CIRURGICO P/ REPARACOES DE PERDA DE SUBSTANCIA DA MAO,37.0
136,Ronald Moon,TRATAMENTO CIRÚRGICO DE FRATURA / LESÃO FISARIA DAS FALANGES DA MÃO (COM FIXAÇÃO),9.5
137,Ronald Moon,TRATAMENTO CIRÚRGICO DE FRATURA / LESÃO FISARIA DOS METACARPIANOS,45.0
138,Ronald Moon,TRATAMENTO CIRÚRGICO DE FRATURA BIMALEOLAR / TRIMALEOLAR / DA FRATURA-LUXAÇÃO DO TORNOZELO,33.36666666666667
139,Ronald Moon,TRATAMENTO CIRÚRGICO DE FRATURA DA CLAVÍCULA,45.0
140,Ronald Moon,TRATAMENTO CIRÚRGICO DE FRATURA DA DIÁFISE DA TÍBIA,24.0
141,Ronald Moon,TRATAMENTO CIRÚRGICO DE FRATURA DA DIÁFISE DO FÊMUR,37.0
142,Ronald Moon,TRATAMENTO CIRÚRGICO DE FRATURA DA EXTREMIDADE / METÁFISE DISTAL DOS OSSOS DO ANTEBRAÇO,17.5
143,Ronald Moon,TRATAMENTO CIRÚRGICO DE FRATURA LESÃO FISARIA DOS OSSOS DO ANTEBRAÇO,25.0
144,Ronald Moon,TRATAMENTO CIRÚRGICO DE LUXAÇÃO / FRATURA-LUXAÇÃO CARPO-METACARPIANA,10.0
145,Ronald Moon,TRATAMENTO CIRÚRGICO DE LUXAÇÃO / FRATURA-LUXAÇÃO METATARSO-FALANGIANA / INTER-FALANGIANA,45.0
146,Ronald Moon,TRATAMENTO CIRÚRGICO DE SINOSTOSE RÁDIO ULNAR,47.0
147,Sarah Brown,AMPUTACAO / DESARTICULACAO DE MEMBROS INFERIORES,723.55
148,Sarah Brown,AMPUTAÇÃO / DESARTICULAÇÃO DE DEDO,29.25
149,Sarah Brown,ARTRODESE DE MEDIAS / GRANDES ARTICULACOES DE MEMBRO INFERIOR,38.26111111111111
150,Sarah Brown,ARTRODESE DE PEQUENAS ARTICULAÇÕES,35.0
151,Sarah Brown,CURATIVO GRAU II C/ OU S/ DEBRIDAMENTO,32.54166666666667
152,Sarah Brown,DEBRIDAMENTO DE FASCEITE NECROTIZANTE,32.4
153,Sarah Brown,DEBRIDAMENTO DE ULCERA / DE TECIDOS DESVITALIZADOS,26.486936936936935
154,Sarah Brown,DEBRIDAMENTO DE ULCERA / NECROSE,32.0
155,Sarah Brown,DRENAGEM DE ABSCESSO,10.0
156,Sarah Brown,DRENAGEM LIQUÓRICA LOMBAR EXTERNA,20.0
157,Sarah Brown,EXERESE DE CISTO SACRO-COCCIGEO,33.0
158,Sarah Brown,MICRONEUROLISE DE NERVO PERIFERICO,10.0
159,Sarah Brown,RECONSTRUCAO DE TENDAO PATELAR / TENDAO QUADRICIPITAL,30.0
160,Sarah Brown,RECONSTRUCAO LIGAMENTAR DO TORNOZELO,10.0
161,Sarah Brown,REDUCAO INCRUENTA DE LUXACAO / FRATURA-LUXACAO DO JOELHO,40.85
162,Sarah Brown,REDUCAO INCRUENTA DE LUXACAO OU FRATURA / LUXACAO TARSO-METATARSICA,15.0
163,Sarah Brown,REDUÇÃO INCRUENTA C/ MANIPULAÇÃO DE LUXAÇÃO ESPONTANEA / PROGRESSIVA DO QUADRIL COM APLICAÇÃO DE DISPOSITIVOS DE CONTENÇÃO,35.0
164,Sarah Brown,REDUÇÃO INCRUENTA DE FRATURA DIAFISARIA DOS OSSOS DO ANTEBRAÇO,39.55
165,Sarah Brown,REDUÇÃO INCRUENTA DE LUXAÇÃO / FRATURA-LUXAÇÃO DO COTOVELO,15.0
166,Sarah Brown,REDUÇÃO INCRUENTA DE LUXAÇÃO COXOFEMORAL TRAUMÁTICA / PÓS-ARTROPLASTIA,15.0
167,Sarah Brown,REDUÇÃO INCRUENTA DE LUXAÇÃO OU FRATURA / LUXACAO NO PUNHO,29.48
168,Sarah Brown,RESSECÇÃO DE CISTO SINOVIAL,15.05
169,Sarah Brown,RESSECÇÃO DO OLECRANO E/OU CABEÇA DO RÁDIO,25.0
170,Sarah Brown,RETIRADA DE ESPAÇADORES / OUTROS MATERIAIS,40.16666666666666
171,Sarah Brown,RETIRADA DE FIO OU PINO INTRA-ÓSSEO,25.25
172,Sarah Brown,RETIRADA DE FIXADOR EXTERNO,24.816666666666666
173,Sarah Brown,RETIRADA DE PLACA E/OU PARAFUSOS,32.38125
174,Sarah Brown,REVISAO CIRURGICA DE COTO DE AMPUTACAO EM MEMBRO INFERIOR (EXCETO DEDOS DO PE),12.916666666666666
175,Sarah Brown,REVISÃO CIRÚRGICA DE COTO DE AMPUTAÇÃO DOS DEDOS,28.0
176,Sarah Brown,TENOMIORRAFIA,26.413636363636364
177,Sarah Brown,TENOPLASTIA OU ENXERTO DE TENDÃO UNICO,12.116666666666665
178,Sarah Brown,TENÓLISE,10.25
179,Sarah Brown,TRANSFERENCIA MUSCULAR / TENDINOSA NO MEMBRO INFERIOR,2.0
180,Sarah Brown,TRANSPOSIÇÃO / TRANSFERÊNCIA MIOTENDINOSA MÚLTIPLA,30.0
181,Sarah Brown,TRATAMENTO CIRURGICO DE FRATURA / LESAO FISARIA DE OSSOS DO MEDIO-PE,31.333333333333332
182,Sarah Brown,TRATAMENTO CIRURGICO DE FRATURA / LESAO FISARIA DOS METATARSIANOS,33.858333333333334
183,Sarah Brown,TRATAMENTO CIRURGICO DE FRATURA / LESAO FISARIA DOS PODODACTILOS,54.28333333333333
184,Sarah Brown,TRATAMENTO CIRURGICO DE FRATURA / LESAO FISARIA PROXIMAL (COLO) DO FEMUR (SINTESE),23.272222222222222
185,Sarah Brown,TRATAMENTO CIRURGICO DE LUXACAO / FRATURA-LUXACAO ESTERNO-CLAVICULAR,42.0
186,Sarah Brown,TRATAMENTO CIRURGICO DE LUXACAO COXO-FEMORAL TRAUMATICA / POS-ARTROPLASTIA,39.8
187,Sarah Brown,TRATAMENTO CIRURGICO DE LUXACAO ESPONTANEA / PROGRESSIVA / PARALITICA DO QUADRIL,35.0
188,Sarah Brown,TRATAMENTO CIRÚGICO DE FRATURA DA DIÁFISE DO ÚMERO,34.0
189,Sarah Brown,TRATAMENTO CIRÚRGICO DA AVULSÃO DE TUBEROSIDADES / ESPINHAS E CRISTA ILÍACA S/ LESÃO DO ANEL PÉLVICO,15.0
190,Sarah Brown,TRATAMENTO CIRÚRGICO DE DEDO EM MARTELO / EM GARRA (MÃO E PÉ),30.07833333333333
191,Sarah Brown,TRATAMENTO CIRÚRGICO DE FRATURA / LESÃO FISARIA DAS FALANGES DA MÃO (COM FIXAÇÃO),36.44895833333334
192,Sarah Brown,TRATAMENTO CIRÚRGICO DE FRATURA / LESÃO FISARIA DO CÔNDILO / TRÓCLEA/APOFISE CORONÓIDE DO ULNA / CABEÇA DO RÁDIO,35.0
193,Sarah Brown,TRATAMENTO CIRÚRGICO DE FRATURA / LESÃO FISARIA DOS METACARPIANOS,27.294444444444448
194,Sarah Brown,TRATAMENTO CIRÚRGICO DE FRATURA BIMALEOLAR / TRIMALEOLAR / DA FRATURA-LUXAÇÃO DO TORNOZELO,28.08395061728395
195,Sarah Brown,TRATAMENTO CIRÚRGICO DE FRATURA DA CLAVÍCULA,200.62916666666666
196,Sarah Brown,TRATAMENTO CIRÚRGICO DE FRATURA DA DIÁFISE DA TÍBIA,34.23725490196078
197,Sarah Brown,TRATAMENTO CIRÚRGICO DE FRATURA DA DIÁFISE DO FÊMUR,46.57142857142857
198,Sarah Brown,TRATAMENTO CIRÚRGICO DE FRATURA DA EXTREMIDADE / METÁFISE DISTAL DOS OSSOS DO ANTEBRAÇO,24.005128205128205
199,Sarah Brown,TRATAMENTO CIRÚRGICO DE FRATURA DA PATELA POR FIXAÇÃO INTERNA,30.0
200,Sarah Brown,TRATAMENTO CIRÚRGICO DE FRATURA DE EXTREMIDADES / METÁFISE PROXIMAL DOS OSSOS DO ANTEBRAÇO,30.466666666666665
201,Sarah Brown,TRATAMENTO CIRÚRGICO DE FRATURA DIAFISARIA DE AMBOS OS OSSOS DO ANTEBRAÇO (C/ SINTESE),29.113333333333333
202,Sarah Brown,TRATAMENTO CIRÚRGICO DE FRATURA DIAFISARIA ÚNICA DO RÁDIO / DA ULNA,33.333333333333336
203,Sarah Brown,TRATAMENTO CIRÚRGICO DE FRATURA DO ACETÁBULO,40.0
204,Sarah Brown,TRATAMENTO CIRÚRGICO DE FRATURA DO CALCÂNEO,29.690650406504062
205,Sarah Brown,TRATAMENTO CIRÚRGICO DE FRATURA DO PILÃO TIBIAL,37.03541666666666
206,Sarah Brown,TRATAMENTO CIRÚRGICO DE FRATURA DO PLANALTO TIBIAL,25.0
207,Sarah Brown,TRATAMENTO CIRÚRGICO DE FRATURA DO TALUS,25.666666666666664
208,Sarah Brown,TRATAMENTO CIRÚRGICO DE FRATURA DO TORNOZELO UNIMALEOLAR,24.856666666666666
209,Sarah Brown,TRATAMENTO CIRÚRGICO DE FRATURA LESÃO FISARIA DOS OSSOS DO ANTEBRAÇO,48.59444444444444
210,Sarah Brown,TRATAMENTO CIRÚRGICO DE FRATURA LESÃO FISÁRIA AO NÍVEL DO JOELHO,35.0
211,Sarah Brown,TRATAMENTO CIRÚRGICO DE FRATURA LESÃO FISÁRIA DISTAL DE TÍBIA,36.044444444444444
212,Sarah Brown,TRATAMENTO CIRÚRGICO DE FRATURA SUPRACONDILEANA DO FÊMUR (METÁFISE DISTAL),70.0
213,Sarah Brown,TRATAMENTO CIRÚRGICO DE FRATURA TRANSTROCANTERIANA,34.949999999999996
214,Sarah Brown,TRATAMENTO CIRÚRGICO DE FRATURA VICIOSAMENTE CONSOLIDADA DOS OSSOS LONGOS EXCETO DA MÃO E DO PÉ,25.0
215,Sarah Brown,TRATAMENTO CIRÚRGICO DE FRATURA-LUXAÇÃO DA ARTICULAÇÃO COXOFEMORAL (DUPLO ACESSO),21.075
216,Sarah Brown,TRATAMENTO CIRÚRGICO DE HALUX VALGUS C/ OSTEOTOMIA DO PRIMEIRO OSSO METATARSIANO,35.82166666666667
217,Sarah Brown,TRATAMENTO CIRÚRGICO DE LESÃO AGUDA CAPSULO-LIGAMENTAR DO MEMBRO SUPERIOR: COTOVELO / PUNHO,36.666666666666664
218,Sarah Brown,TRATAMENTO CIRÚRGICO DE LESÃO AGUDA CAPSULO-LIGAMENTAR MEMBRO INFERIOR (JOELHO / TORNOZELO),18.0
219,Sarah Brown,TRATAMENTO CIRÚRGICO DE LUXAÇÃO / FRATURA-LUXACAO DOS OSSOS DO CARPO,29.216666666666665
220,Sarah Brown,TRATAMENTO CIRÚRGICO DE LUXAÇÃO / FRATURA-LUXAÇÃO AO NÍVEL DO JOELHO,20.266666666666666
221,Sarah Brown,TRATAMENTO CIRÚRGICO DE LUXAÇÃO / FRATURA-LUXAÇÃO CARPO-METACARPIANA,31.666666666666668
222,Sarah Brown,TRATAMENTO CIRÚRGICO DE LUXAÇÃO / FRATURA-LUXAÇÃO METACARPO-FALANGIANA,32.205555555555556
223,Sarah Brown,TRATAMENTO CIRÚRGICO DE LUXAÇÃO / FRATURA-LUXAÇÃO METATARSO INTER-FALANGEANA,30.0
224,Sarah Brown,TRATAMENTO CIRÚRGICO DE LUXAÇÃO / FRATURA-LUXAÇÃO METATARSO-FALANGIANA / INTER-FALANGIANA,22.0
225,Sarah Brown,TRATAMENTO CIRÚRGICO DE LUXAÇÃO OU FRATURA-LUXAÇÃO DO COTOVELO,38.81666666666666
226,Sarah Brown,TRATAMENTO CIRÚRGICO DE PSEUDARTROSE / RETARDO DE CONSOLIDAÇÃO / PERDA ÓSSEA DA DIÁFISE TIBIAL,23.0
227,Sarah Brown,TRATAMENTO CIRÚRGICO DE PÉ PLANO VALGO,20.0
228,Sarah Brown,TRATAMENTO CONSERVADOR DE FRATURA DE OSSO METACÁRPICO,35.0
229,Sarah Brown,TRATAMENTO DAS LESÕES OSTEO-CONDRAIS POR FIXAÇÃO OU MOSAICOPLASTIA JOELHO/TORNOZELO,40.0
230,Sarah Rich,DEBRIDAMENTO DE ULCERA / DE TECIDOS DESVITALIZADOS,26.43333333333333
231,Sarah Rich,OSTECTOMIA DE OSSOS DA MÃO E/OU DO PÉ,28.0
232,Sarah Rich,TENOPLASTIA OU ENXERTO DE TENDÃO UNICO,33.0
233,Sarah Rich,TRATAMENTO CIRÚRGICO DE FRATURA / LESÃO FISARIA DOS METACARPIANOS,45.61666666666667
234,Sarah Rich,TRATAMENTO CIRÚRGICO DE FRATURA DA DIÁFISE DA TÍBIA,27.0
235,Sarah Rich,TRATAMENTO CIRÚRGICO DE FRATURA DA EXTREMIDADE / METÁFISE DISTAL DOS OSSOS DO ANTEBRAÇO,45.0
236,Sarah Rich,TRATAMENTO CIRÚRGICO DE FRATURA DIAFISARIA DE AMBOS OS OSSOS DO ANTEBRAÇO (C/ SINTESE),40.0
237,Sarah Rich,TRATAMENTO CIRÚRGICO DE FRATURA DO CALCÂNEO,25.0
238,Sarah Rich,TRATAMENTO CIRÚRGICO DE FRATURA DO TORNOZELO UNIMALEOLAR,40.05
239,Teresa Martin,CURATIVO GRAU II C/ OU S/ DEBRIDAMENTO,20.0
240,Teresa Martin,DEBRIDAMENTO DE ULCERA / DE TECIDOS DESVITALIZADOS,25.0
241,Teresa Martin,TENOMIORRAFIA,25.0
242,Teresa Martin,TRATAMENTO CIRÚRGICO DE FRATURA / LESÃO FISARIA DAS FALANGES DA MÃO (COM FIXAÇÃO),32.5
243,Teresa Martin,TRATAMENTO CIRÚRGICO DE FRATURA BIMALEOLAR / TRIMALEOLAR / DA FRATURA-LUXAÇÃO DO TORNOZELO,8.883333333333333
244,Teresa Martin,TRATAMENTO CIRÚRGICO DE FRATURA DA CLAVÍCULA,40.85
245,Teresa Martin,TRATAMENTO CIRÚRGICO DE FRATURA DA DIÁFISE DA TÍBIA,45.0
246,Teresa Martin,TRATAMENTO CIRÚRGICO DE FRATURA DA DIÁFISE DO FÊMUR,30.0
247,Teresa Martin,TRATAMENTO CIRÚRGICO DE FRATURA DIAFISARIA DE AMBOS OS OSSOS DO ANTEBRAÇO (C/ SINTESE),20.0
248,Teresa Martin,TRATAMENTO CIRÚRGICO DE FRATURA DO PILÃO TIBIAL,31.0
249,Teresa Martin,TRATAMENTO CIRÚRGICO DE FRATURA LESÃO FISARIA DOS OSSOS DO ANTEBRAÇO,27.0
